id|comments|title
996961|62014|Apple iPad Air MD788CH 9.7英寸平板电脑 （16G WiFi版）银色
996967|59503|Apple iPad mini ME279CH/A 配备 Retina 显示屏 7.9英寸平板电脑 （16G WiFi版）银色
761145|123415|Apple iPad mini MD531CH/A 7.9英寸平板电脑 （16G WIFI版）白色
1246836|8791|Apple iPad Air 2 MH0W2CH/A 9.7英寸平板电脑 （16G WiFi版）金色
996964|9332|Apple iPad mini ME280CH/A 配备 Retina 显示屏 7.9英寸平板电脑 （32G WiFi版）银色
1250967|4932|Apple iPad Air 2 MH182CH/A 9.7英寸平板电脑 （64G WiFi版）金色
