id|comments|title
1235465|3256|台电（Teclast）X98 Air Ⅱ 9.7英寸平板电脑 (Intel 3736F 2.16G主频 Air屏 2G/32GB 支持WIN8)前白后灰
1312660|342|台电（Teclast）X10HD 3G 双系统 10.1英寸平板电脑(Win8+安卓 2560x1600 2G/64GB 3G通话 Intel 3736F)黑色
1192758|1725|台电（Teclast）P98 Air八核 9.7英寸平板电脑 (A80T八核 Air视网膜屏 1300W镜头 64核GPU 2G/32GB)前白后银
1312671|279|台电（Teclast）X89 双系统版 7.9英寸平板电脑 (IntelZ3735 分辨率2048x1536  2G/32GB）前白后灰
1094550|2563|台电（Teclast） P19HD 10.1英寸平板电脑(Intel Z2580 2.0G主频 视网膜屏 2G内存 500W自动对焦)前白后金
1327452|207|台电（Teclast）P80 3G八核 8英寸平板电脑(3G通话 MT8392八核  1280x800 蓝牙GPS)前白后白
