﻿ID,性别,目前身份,大学类型,大学所在地区,文理科
1,男,大二学生,普通一本,华南,理科生
3,男,大三学生,国家211,华南,文科生
4,男,大二学生,普通一本,华南,理科生
5,男,大一学生,二本院校,华东,理科生
6,男,大三学生,二本院校,西北,理科生
7,女,大一学生,二本院校,西南,文科生
8,女,大二学生,二本院校,西南,文科生
9,男,研究生,国家211,西北,理科生
10,男,研究生,国家985,西北,文科生
11,女,大二学生,普通一本,华北,文科生
12,男,大二学生,二本院校,华南,理科生
13,女,大二学生,普通一本,华北,理科生
14,女,研究生,国家211,西北,理科生
16,女,研究生,国家985,华东,理科生
17,女,研究生,普通一本,华南,理科生
21,女,大二学生,三本院校,华东,文科生
22,女,大一学生,三本院校,华东,文科生
23,女,大一学生,国家211,华东,文科生
25,男,大二学生,国家985,华南,理科生
26,女,大二学生,国家211,西南,理科生
27,男,大二学生,普通一本,华东,理科生
28,女,大二学生,二本院校,华东,文科生
29,男,大二学生,国家211,东北,理科生
30,女,大二学生,国家211,华南,文科生
31,女,大二学生,二本院校,东北,文科生
33,女,大二学生,国家211,华东,文科生
34,女,大二学生,普通一本,华东,理科生
38,男,研究生,国家985,华北,理科生
40,女,研究生,国家211,华中,理科生
42,女,大二学生,普通一本,华中,理科生
43,女,研究生,普通一本,华北,文科生
44,男,大一学生,三本院校,华东,文科生
47,女,大三学生,二本院校,华东,理科生
48,男,研究生,国家985,华北,文科生
49,女,研究生,国家211,华东,文科生
50,女,研究生,普通一本,华东,文科生
51,男,研究生,国家985,华东,文科生
52,男,研究生,国家985,华北,理科生
53,女,大一学生,三本院校,华南,理科生
54,女,研究生,普通一本,华南,文科生
55,女,研究生,国家211,华北,文科生
58,女,大二学生,二本院校,西北,理科生
59,男,大二学生,二本院校,华南,理科生
61,女,大二学生,二本院校,华南,理科生
62,女,大三学生,二本院校,华中,理科生
63,男,研究生,国家211,华中,文科生
64,男,大二学生,国家211,华南,理科生
66,女,研究生,普通一本,华北,理科生
67,男,大四学生,普通一本,华北,文科生
75,女,大三学生,国家211,华中,文科生
76,女,大二学生,普通一本,华中,理科生
77,女,大一学生,普通一本,华东,理科生
78,女,大二学生,国家985,华南,文科生
79,男,研究生,国家211,东北,文科生
83,女,大二学生,二本院校,华中,理科生
84,女,大三学生,二本院校,西南,文科生
91,男,大三学生,二本院校,华北,理科生
92,男,研究生,二本院校,华中,理科生
93,男,研究生,国家211,华东,文科生
94,男,大三学生,国家211,华东,文科生
96,女,大二学生,二本院校,东北,文科生
97,女,大二学生,国家211,华中,理科生
98,男,大三学生,三本院校,西南,文科生
102,女,大四学生,普通一本,华北,理科生
105,女,大四学生,普通一本,华东,理科生
106,男,研究生,普通一本,西北,文科生
107,女,大三学生,二本院校,华南,文科生
108,女,大三学生,国家211,西北,文科生
109,女,研究生,普通一本,华东,文科生
110,男,大三学生,国家211,华南,文科生
112,女,研究生,国家211,华北,理科生
116,女,研究生,国家211,华北,文科生
117,男,研究生,国家211,西北,文科生
118,男,大二学生,二本院校,西南,理科生
119,男,大四学生,普通一本,东北,理科生
120,男,大三学生,普通一本,华南,文科生
121,男,大四学生,普通一本,东北,理科生
122,男,大四学生,普通一本,西北,文科生
124,女,研究生,国家211,西南,文科生
125,女,大三学生,三本院校,华中,文科生
126,女,大三学生,三本院校,华南,文科生
127,男,大四学生,二本院校,华中,文科生
128,女,大四学生,三本院校,华中,文科生
129,女,大四学生,普通一本,华南,文科生
130,女,大四学生,二本院校,华中,文科生
131,女,大四学生,二本院校,西南,文科生
132,男,大四学生,二本院校,华南,文科生
133,男,大四学生,二本院校,西南,文科生
134,女,大四学生,二本院校,华中,理科生
135,女,大四学生,二本院校,西南,文科生
137,女,研究生,二本院校,西南,文科生
138,女,大四学生,普通一本,华中,文科生
139,男,大四学生,二本院校,西南,文科生
140,女,大四学生,二本院校,西南,文科生
141,女,大四学生,二本院校,华南,文科生
143,女,大四学生,三本院校,华南,文科生
144,女,大四学生,三本院校,华南,文科生
145,女,大三学生,国家211,华南,文科生
146,女,大四学生,国家211,华北,文科生
147,男,大四学生,国家211,华东,理科生
148,女,大四学生,二本院校,华中,文科生
149,女,大四学生,二本院校,华中,文科生
150,女,大四学生,普通一本,东北,文科生
151,男,大三学生,国家211,华北,理科生
152,男,大三学生,二本院校,西南,文科生
153,女,大四学生,二本院校,华中,文科生
154,女,大四学生,国家985,东北,文科生
155,女,大四学生,二本院校,华中,文科生
156,男,大四学生,二本院校,西南,文科生
157,男,大四学生,三本院校,华南,文科生
158,女,大四学生,二本院校,西南,文科生
159,女,大四学生,二本院校,华中,文科生
160,男,大四学生,二本院校,华中,文科生
161,女,大三学生,二本院校,华南,文科生
162,女,大四学生,国家211,西北,文科生
163,男,大三学生,二本院校,西南,文科生
165,男,大三学生,国家211,华南,文科生
166,男,大四学生,二本院校,西南,文科生
167,男,大三学生,二本院校,华中,文科生
168,女,大四学生,普通一本,华南,文科生
169,男,大一学生,国家211,华北,理科生
172,女,大四学生,国家985,华南,文科生
174,女,大二学生,国家211,华南,理科生
175,男,大二学生,普通一本,华南,理科生
176,男,大二学生,普通一本,华南,理科生
177,女,大二学生,普通一本,华南,理科生
178,女,大四学生,国家211,华北,理科生
179,女,大二学生,三本院校,华中,文科生
180,男,大四学生,普通一本,华南,理科生
181,女,大二学生,国家211,华北,理科生
182,女,大二学生,普通一本,华南,理科生
183,女,大二学生,普通一本,华中,文科生
184,女,大四学生,二本院校,华东,文科生
185,女,大一学生,普通一本,华南,理科生
186,男,大二学生,二本院校,华南,理科生
187,女,大四学生,国家211,华东,文科生
188,女,大二学生,国家985,华北,理科生
189,男,大三学生,普通一本,华东,理科生
190,女,大一学生,普通一本,华南,理科生
191,男,大四学生,国家985,东北,理科生
193,女,大四学生,二本院校,西南,文科生
194,男,大二学生,二本院校,华中,文科生
195,女,大四学生,普通一本,华南,理科生
197,女,大二学生,国家211,华东,理科生
198,女,研究生,普通一本,华东,文科生
199,女,大四学生,普通一本,华东,理科生
200,女,大四学生,普通一本,华南,理科生
201,男,研究生,二本院校,西南,文科生
202,女,大四学生,普通一本,华东,文科生
204,男,大二学生,国家211,华南,理科生
205,男,大二学生,普通一本,东北,理科生
206,男,大四学生,国家985,华南,理科生
207,女,大二学生,普通一本,华南,理科生
208,女,大三学生,普通一本,华南,理科生
209,女,大四学生,普通一本,东北,文科生
211,女,研究生,国家211,华东,理科生
213,男,大二学生,普通一本,华东,文科生
214,女,研究生,国家211,西南,理科生
218,男,大三学生,国家985,西南,理科生
219,女,研究生,国家985,华南,文科生
220,女,研究生,国家211,华中,理科生
221,男,大三学生,普通一本,华中,理科生
222,女,研究生,国家211,华中,理科生
223,男,大三学生,国家985,华北,理科生
224,女,研究生,普通一本,华南,文科生
225,男,研究生,国家985,华东,文科生
226,女,大三学生,普通一本,东北,文科生
227,男,大三学生,二本院校,华中,文科生
228,男,研究生,国家211,东北,理科生
230,女,大四学生,三本院校,西南,文科生
231,男,大四学生,普通一本,华中,理科生
232,男,研究生,国家211,西南,文科生
234,女,大二学生,国家211,华南,理科生
235,男,研究生,普通一本,东北,文科生
236,女,研究生,二本院校,西南,文科生
237,女,大三学生,国家985,华北,理科生
240,男,研究生,普通一本,华北,理科生
242,男,大四学生,国家985,华北,理科生
